index,node,p_max,q_max,cost,p_max_KW,q_max_KVAr,base_KV,Sbase,PF
g1,1,50,45,10,10000,9000,100,100000,0.743294146
g2,14,30,27,10,10000,9000,100,100000,0.743294146
